localite,date,ghi,dni
gin_kankan,2021-10-18,5.8666,5.348
gin_kankan,2021-10-19,5.5955,3.8789
gin_kankan,2021-10-20,2.707,0.4919
gin_kankan,2021-10-21,5.1813,4.0254
gin_kankan,2021-10-22,6.678,6.2731
gin_kankan,2021-10-23,4.4782,2.9776
gin_kankan,2021-10-24,5.5306,4.0261
gin_kankan,2021-10-25,5.3711,3.9184
gin_kankan,2021-10-26,5.3316,2.5641
gin_kankan,2021-10-27,6.4918,5.8449
gin_kankan,2021-10-28,5.6815,4.3602
gin_kankan,2021-10-29,6.0036,4.8588
gin_kankan,2021-10-30,5.4428,3.8522
gin_kankan,2021-10-31,5.6732,4.9329
gin_kankan,2021-11-01,6.0866,5.0213
gin_kankan,2021-11-02,6.0475,5.7823
gin_kankan,2021-11-03,6.353,6.7993
gin_kankan,2021-11-04,5.8246,5.3405
gin_kankan,2021-11-05,6.0013,5.4088
gin_kankan,2021-11-06,5.5925,4.3842
gin_kankan,2021-11-07,5.8432,5.5569
gin_kankan,2021-11-08,6.1414,6.2066
gin_kankan,2021-11-09,5.8113,5.1838
gin_kankan,2021-11-10,4.8863,3.4789
gin_kankan,2021-11-11,4.3983,2.721
gin_kankan,2021-11-12,5.2053,4.188
gin_kankan,2021-11-13,6.0599,6.4678
gin_kankan,2021-11-14,5.833,5.7594
gin_kankan,2021-11-15,6.0878,7.1466
gin_kankan,2021-11-16,6.12,7.2055
gin_kankan,2021-11-17,5.6683,5.0468
gin_kankan,2021-11-18,6.2117,7.6374
gin_kankan,2021-11-19,6.0068,6.7923
gin_kankan,2021-11-20,6.0665,7.1857
gin_kankan,2021-11-21,6.0601,6.8526
gin_kankan,2021-11-22,5.844,6.5816
gin_kankan,2021-11-23,5.8544,6.8217
gin_kankan,2021-11-24,5.7535,6.4097
gin_kankan,2021-11-25,5.8152,6.8456
gin_kankan,2021-11-26,5.9232,7.2687
gin_kankan,2021-11-27,5.5469,5.6739
gin_kankan,2021-11-28,5.1249,5.5116
gin_kankan,2021-11-29,5.4481,5.9754
gin_kankan,2021-11-30,5.6212,6.4222
gin_kankan,2021-12-01,5.2732,5.6516
gin_kankan,2021-12-02,5.4111,5.9987
gin_kankan,2021-12-03,5.3523,5.5523
gin_kankan,2021-12-04,5.1415,5.2142
gin_kankan,2021-12-05,5.2631,4.74
gin_kankan,2021-12-06,5.6216,5.56
gin_kankan,2021-12-07,5.4936,5.146
gin_kankan,2021-12-08,5.6221,5.6899
gin_kankan,2021-12-09,5.5016,4.8473
gin_kankan,2021-12-10,4.9263,3.4265
gin_kankan,2021-12-11,5.4093,4.5032
gin_kankan,2021-12-12,5.1626,4.3556
gin_kankan,2021-12-13,4.3582,2.2722
gin_kankan,2021-12-14,4.8477,3.5196
gin_kankan,2021-12-15,4.024,1.8925
gin_kankan,2021-12-16,4.7449,3.2882
gin_kankan,2021-12-17,4.525,2.8676
gin_kankan,2021-12-18,5.2919,5.7514
gin_kankan,2021-12-19,5.4468,5.6997
gin_kankan,2021-12-20,5.4354,5.5009
gin_kankan,2021-12-21,5.3216,5.1798
gin_kankan,2021-12-22,4.987,4.0436
gin_kankan,2021-12-23,5.5544,6.0051
gin_kankan,2021-12-24,5.5416,6.1942
gin_kankan,2021-12-25,5.3615,5.7096
gin_kankan,2021-12-26,5.5365,6.3655
gin_kankan,2021-12-27,4.7623,3.7987
gin_kankan,2021-12-28,3.8369,2.2188
gin_kankan,2021-12-29,5.7937,7.4563
gin_kankan,2021-12-30,5.3692,6.0079
gin_kankan,2021-12-31,5.6586,6.7634
gin_kankan,2022-01-01,5.7551,7.2812
gin_kankan,2022-01-02,5.5941,6.4597
gin_kankan,2022-01-03,5.3874,5.5879
gin_kankan,2022-01-04,5.5655,6.2937
gin_kankan,2022-01-05,5.3972,4.9234
gin_kankan,2022-01-06,5.5065,5.5177
gin_kankan,2022-01-07,5.2419,4.8544
gin_kankan,2022-01-08,4.9325,3.8443
gin_kankan,2022-01-09,5.2773,5.045
gin_kankan,2022-01-10,5.4551,5.5243
gin_kankan,2022-01-11,4.6625,2.3554
gin_kankan,2022-01-12,5.5367,6.1144
gin_kankan,2022-01-13,5.6116,6.1684
gin_kankan,2022-01-14,5.4959,5.8427
gin_kankan,2022-01-15,4.2672,1.8593
gin_kankan,2022-01-16,4.5953,2.9758
gin_kankan,2022-01-17,5.9006,6.9343
gin_kankan,2022-01-18,6.0512,7.2004
gin_kankan,2022-01-19,6.1023,7.3129
gin_kankan,2022-01-20,6.2229,7.6867
gin_kankan,2022-01-21,6.0866,6.7895
gin_kankan,2022-01-22,6.019,6.1699
gin_kankan,2022-01-23,5.965,6.4812
gin_kankan,2022-01-24,5.6895,5.9501
gin_kankan,2022-01-25,5.901,6.4816
gin_kankan,2022-01-26,6.1641,7.0955
gin_kankan,2022-01-27,5.3253,5.1939
gin_kankan,2022-01-28,5.249,4.9405
gin_kankan,2022-01-29,5.3756,4.047
gin_kankan,2022-01-30,5.6562,3.9179
gin_kankan,2022-01-31,6.116,6.0545
gin_kankan,2022-02-01,4.5704,1.8913
gin_kankan,2022-02-02,6.359,6.701
gin_kankan,2022-02-03,5.8083,5.2402
gin_kankan,2022-02-04,5.8883,5.4174
gin_kankan,2022-02-05,6.1427,5.9585
gin_kankan,2022-02-06,6.1606,5.4622
gin_kankan,2022-02-07,6.1124,4.9519
gin_kankan,2022-02-08,5.6265,2.8052
gin_kankan,2022-02-09,5.6595,2.8671
gin_kankan,2022-02-10,6.2581,4.9525
gin_kankan,2022-02-11,6.3634,5.9754
gin_kankan,2022-02-12,6.1161,5.1662
gin_kankan,2022-02-13,6.0226,5.5517
gin_kankan,2022-02-14,5.954,5.2908
gin_kankan,2022-02-15,5.9841,5.2524
gin_kankan,2022-02-16,6.1537,5.4677
gin_kankan,2022-02-17,6.1464,5.3027
gin_kankan,2022-02-18,5.8187,3.2456
gin_kankan,2022-02-19,5.8131,3.5245
gin_kankan,2022-02-20,6.118,4.9062
gin_kankan,2022-02-21,5.5576,3.895
gin_kankan,2022-02-22,5.7628,3.6372
gin_kankan,2022-02-23,5.8889,3.0221
gin_kankan,2022-02-24,5.3108,2.924
gin_kankan,2022-02-25,5.9198,4.1522
gin_kankan,2022-02-26,5.7728,3.368
gin_kankan,2022-02-27,4.8881,2.2614
gin_kankan,2022-02-28,5.0225,2.5741
gin_kankan,2022-03-01,5.7542,4.1467
gin_kankan,2022-03-02,4.784,1.1624
gin_kankan,2022-03-03,5.7849,3.039
gin_kankan,2022-03-04,4.8817,1.0866
gin_kankan,2022-03-05,5.895,2.9563
gin_kankan,2022-03-06,6.2929,4.2413
gin_kankan,2022-03-07,6.5408,5.342
gin_kankan,2022-03-08,6.4575,4.7506
gin_kankan,2022-03-09,6.4878,4.9005
gin_kankan,2022-03-10,6.6145,5.4381
gin_kankan,2022-03-11,6.3926,5.0626
gin_kankan,2022-03-12,6.255,3.7722
gin_kankan,2022-03-13,5.5074,1.9553
gin_kankan,2022-03-14,6.1725,3.5371
gin_kankan,2022-03-15,5.2269,1.5949
gin_kankan,2022-03-16,4.7992,1.9029
gin_kankan,2022-03-17,5.8491,3.3522
gin_kankan,2022-03-18,6.1987,4.4147
gin_kankan,2022-03-19,6.773,5.1798
gin_kankan,2022-03-20,5.7275,2.6715
gin_kankan,2022-03-21,5.546,1.9173
gin_kankan,2022-03-22,3.4886,0.2672
gin_kankan,2022-03-23,5.9133,2.7105
gin_kankan,2022-03-24,5.7319,3.4629
gin_kankan,2022-03-25,4.3193,1.8014
gin_kankan,2022-03-26,6.2059,4.1987
gin_kankan,2022-03-27,5.0648,2.401
gin_kankan,2022-03-28,6.2133,3.4563
gin_kankan,2022-03-29,6.3548,3.8409
gin_kankan,2022-03-30,6.3297,3.6556
gin_kankan,2022-03-31,5.7342,3.3483
gin_kankan,2022-04-01,4.6092,0.9759
gin_kankan,2022-04-02,6.3757,4.057
gin_kankan,2022-04-03,4.4581,1.0891
gin_kankan,2022-04-04,6.3,3.9033
gin_kankan,2022-04-05,6.342,4.5216
gin_kankan,2022-04-06,4.6903,2.0294
gin_kankan,2022-04-07,6.0946,3.6568
gin_kankan,2022-04-08,6.4961,4.5206
gin_kankan,2022-04-09,6.0777,3.4008
gin_kankan,2022-04-10,5.6426,2.6157
gin_kankan,2022-04-11,5.6127,2.6387
gin_kankan,2022-04-12,4.617,1.4292
gin_kankan,2022-04-13,6.533,4.4061
gin_kankan,2022-04-14,6.5556,4.7119
gin_kankan,2022-04-15,6.2617,4.2632
gin_kankan,2022-04-16,6.3868,4.6798
gin_kankan,2022-04-17,6.7955,5.4137
gin_kankan,2022-04-18,6.2146,3.5026
gin_kankan,2022-04-19,6.8769,5.4867
gin_kankan,2022-04-20,4.7899,2.3521
gin_kankan,2022-04-21,6.5185,4.7471
gin_kankan,2022-04-22,5.8645,3.4578
gin_kankan,2022-04-23,6.074,4.3021
gin_kankan,2022-04-24,6.4246,4.8166
gin_kankan,2022-04-25,6.6779,4.8122
gin_kankan,2022-04-26,6.4935,5.3121
gin_kankan,2022-04-27,5.9378,4.3494
gin_kankan,2022-04-28,4.9261,2.1088
gin_kankan,2022-04-29,6.6636,5.8775
gin_kankan,2022-04-30,6.4024,5.7682
gin_kankan,2022-05-01,5.8792,4.4213
gin_kankan,2022-05-02,5.6027,3.7229
gin_kankan,2022-05-03,4.8667,1.7247
gin_kankan,2022-05-04,6.9499,6.2422
gin_kankan,2022-05-05,5.8259,3.148
gin_kankan,2022-05-06,4.0236,1.6277
gin_kankan,2022-05-07,6.7235,5.6702
gin_kankan,2022-05-08,5.3594,1.907
gin_kankan,2022-05-09,6.3397,3.1281
gin_kankan,2022-05-10,5.2353,2.2111
gin_kankan,2022-05-11,6.1388,4.3879
gin_kankan,2022-05-12,6.5734,5.2634
gin_kankan,2022-05-13,4.3496,1.6788
gin_kankan,2022-05-14,5.6628,3.0375
gin_kankan,2022-05-15,6.094,3.6123
gin_kankan,2022-05-16,5.9561,3.3192
gin_kankan,2022-05-17,5.5766,2.3514
gin_kankan,2022-05-18,6.1423,3.8055
gin_kankan,2022-05-19,6.5591,4.9241
gin_kankan,2022-05-20,6.4466,4.5084
gin_kankan,2022-05-21,3.7418,0.7341
gin_kankan,2022-05-22,4.5554,1.2223
gin_kankan,2022-05-23,4.313,2.6858
gin_kankan,2022-05-24,3.7866,2.0716
gin_kankan,2022-05-25,4.64,1.6872
gin_kankan,2022-05-26,6.0827,3.9412
gin_kankan,2022-05-27,1.676,0.0185
gin_kankan,2022-05-28,6.8277,5.7073
gin_kankan,2022-05-29,6.5245,3.6774
gin_kankan,2022-05-30,5.2394,2.1693
gin_kankan,2022-05-31,6.7805,5.1067
gin_kankan,2022-06-01,6.0979,3.3279
gin_kankan,2022-06-02,6.7236,5.3068
gin_kankan,2022-06-03,5.5961,3.9146
gin_kankan,2022-06-04,4.1331,0.4522
gin_kankan,2022-06-05,6.0963,3.8532
gin_kankan,2022-06-06,5.2851,3.4447
gin_kankan,2022-06-07,5.5279,1.9876
gin_kankan,2022-06-08,6.7619,6.428
gin_kankan,2022-06-09,6.4314,4.2889
gin_kankan,2022-06-10,6.8896,5.7994
gin_kankan,2022-06-11,6.0022,3.5145
gin_kankan,2022-06-12,5.2261,2.5842
gin_kankan,2022-06-13,2.3527,0.3685
gin_kankan,2022-06-14,4.6984,1.5621
gin_kankan,2022-06-15,5.8513,2.7134
gin_kankan,2022-06-16,3.3114,0.1577
gin_kankan,2022-06-17,4.8162,2.0244
gin_kankan,2022-06-18,3.815,1.0572
gin_kankan,2022-06-19,6.5396,5.3148
gin_kankan,2022-06-20,2.6776,1.3108
gin_kankan,2022-06-21,5.3202,3.444
gin_kankan,2022-06-22,6.0245,4.3473
gin_kankan,2022-06-23,6.8003,5.5158
gin_kankan,2022-06-24,6.2878,5.2795
gin_kankan,2022-06-25,3.1571,0.5364
gin_kankan,2022-06-26,4.2169,0.4953
gin_kankan,2022-06-27,6.0189,4.2373
gin_kankan,2022-06-28,5.0564,3.0765
gin_kankan,2022-06-29,6.8606,6.3914
gin_kankan,2022-06-30,5.2044,2.4181
gin_kankan,2022-07-01,5.2716,2.4776
gin_kankan,2022-07-02,2.04,0.2669
gin_kankan,2022-07-03,3.2304,0.188
gin_kankan,2022-07-04,5.4466,3.2734
gin_kankan,2022-07-05,4.6046,1.8144
gin_kankan,2022-07-06,5.4427,2.7883
gin_kankan,2022-07-07,6.3013,4.7108
gin_kankan,2022-07-08,5.6065,3.2629
gin_kankan,2022-07-09,3.6552,0.4477
gin_kankan,2022-07-10,5.4369,2.4239
gin_kankan,2022-07-11,4.5906,1.9201
gin_kankan,2022-07-12,7.1596,6.6022
gin_kankan,2022-07-13,5.9783,4.1581
gin_kankan,2022-07-14,5.8944,3.0378
gin_kankan,2022-07-15,6.4228,4.1986
gin_kankan,2022-07-16,5.253,2.002
gin_kankan,2022-07-17,3.8991,0.5557
gin_kankan,2022-07-18,6.0331,4.0108
gin_kankan,2022-07-19,2.8278,0.1607
gin_kankan,2022-07-20,3.3403,0.3824
gin_kankan,2022-07-21,5.1016,2.2832
gin_kankan,2022-07-22,5.1372,3.2901
gin_kankan,2022-07-23,4.5853,1.8842
gin_kankan,2022-07-24,2.0962,0.0253
gin_kankan,2022-07-25,5.7022,2.8243
gin_kankan,2022-07-26,4.7748,1.8539
gin_kankan,2022-07-27,3.3086,0.2463
gin_kankan,2022-07-28,6.1818,3.2787
gin_kankan,2022-07-29,3.865,0.659
gin_kankan,2022-07-30,5.5721,2.8007
gin_kankan,2022-07-31,5.7916,3.7656
gin_kankan,2022-08-01,3.6137,0.7273
gin_kankan,2022-08-02,6.8393,5.8975
gin_kankan,2022-08-03,6.4434,4.3795
gin_kankan,2022-08-04,4.9636,1.8957
gin_kankan,2022-08-05,3.711,1.153
gin_kankan,2022-08-06,5.9266,3.9265
gin_kankan,2022-08-07,6.0423,4.7517
gin_kankan,2022-08-08,5.3101,2.8162
gin_kankan,2022-08-09,3.3962,0.3785
gin_kankan,2022-08-10,3.0865,1.1014
gin_kankan,2022-08-11,6.3338,4.3119
gin_kankan,2022-08-12,5.2143,2.2927
gin_kankan,2022-08-13,4.3028,0.7857
gin_kankan,2022-08-14,3.3514,0.7479
gin_kankan,2022-08-15,5.3347,2.9341
gin_kankan,2022-08-16,1.814,0.01
gin_kankan,2022-08-17,4.4383,1.2803
gin_kankan,2022-08-18,5.2804,2.463
gin_kankan,2022-08-19,6.2293,4.9621
gin_kankan,2022-08-20,2.4038,0.0383
gin_kankan,2022-08-21,5.3144,2.4128
gin_kankan,2022-08-22,4.9792,3.0674
gin_kankan,2022-08-23,5.511,3.0185
gin_kankan,2022-08-24,5.8414,3.6307
gin_kankan,2022-08-25,4.902,1.3194
gin_kankan,2022-08-26,4.8947,2.7997
gin_kankan,2022-08-27,3.2272,0.3335
gin_kankan,2022-08-28,5.5501,2.7027
gin_kankan,2022-08-29,5.3583,2.6138
gin_kankan,2022-08-30,2.1097,0.0286
gin_kankan,2022-08-31,4.2867,1.6709
gin_kankan,2022-09-01,2.8869,0.3829
gin_kankan,2022-09-02,4.7706,1.9156
gin_kankan,2022-09-03,5.4106,2.5135
gin_kankan,2022-09-04,3.8997,1.54
gin_kankan,2022-09-05,5.9135,4.7203
gin_kankan,2022-09-06,5.2853,2.3747
gin_kankan,2022-09-07,5.3092,2.9245
gin_kankan,2022-09-08,7.1713,5.4627
gin_kankan,2022-09-09,3.1911,0.1148
gin_kankan,2022-09-10,3.9814,0.6689
gin_kankan,2022-09-11,5.4139,3.5942
gin_kankan,2022-09-12,5.9512,4.6142
gin_kankan,2022-09-13,4.5316,0.8747
gin_kankan,2022-09-14,4.7901,1.8591
gin_kankan,2022-09-15,6.8224,6.3201
gin_kankan,2022-09-16,6.2089,4.3854
gin_kankan,2022-09-17,3.7697,2.7008
gin_kankan,2022-09-18,5.2459,1.9728
gin_kankan,2022-09-19,5.3441,2.8486
gin_kankan,2022-09-20,2.6097,0.115
gin_kankan,2022-09-21,5.131,2.7218
gin_kankan,2022-09-22,6.2036,4.6408
gin_kankan,2022-09-23,2.9914,0.659
gin_kankan,2022-09-24,2.2035,1.3343
gin_kankan,2022-09-25,3.8323,1.8074
gin_kankan,2022-09-26,5.245,3.2489
gin_kankan,2022-09-27,4.4775,2.1616
gin_kankan,2022-09-28,6.5211,5.411
gin_kankan,2022-09-29,6.3456,5.5196
gin_kankan,2022-09-30,7.1396,6.4353
gin_kankan,2022-10-01,5.3331,4.4462
gin_kankan,2022-10-02,5.8307,4.2467
gin_kankan,2022-10-03,5.6676,4.3127
gin_kankan,2022-10-04,6.5167,5.071
gin_kankan,2022-10-05,5.374,1.6604
gin_kankan,2022-10-06,3.7056,0.8136
gin_kankan,2022-10-07,5.6637,4.8824
gin_kankan,2022-10-08,6.1683,5.5747
gin_kankan,2022-10-09,5.5012,1.9596
gin_kankan,2022-10-10,6.6493,5.9843
gin_kankan,2022-10-11,5.2245,3.3453
gin_kankan,2022-10-12,6.3695,5.7888
gin_kankan,2022-10-13,6.6704,5.9183
gin_kankan,2022-10-14,4.3938,1.8707
gin_kankan,2022-10-15,3.8975,1.301
gin_kankan,2022-10-16,3.8731,0.8359
gin_kankan,2022-10-17,6.2769,5.4805
gin_kankan,2022-10-18,6.577,5.9227
gin_kankan,2022-10-19,6.2847,5.5096
gin_kankan,2022-10-20,6.1731,4.7974
gin_kankan,2022-10-21,5.7073,3.9395
gin_kankan,2022-10-22,4.4666,1.5177
gin_kankan,2022-10-23,4.8334,2.1861
gin_kankan,2022-10-24,5.6552,4.0104
gin_kankan,2022-10-25,6.422,6.7463
gin_kankan,2022-10-26,6.071,4.8096
gin_kankan,2022-10-27,4.5171,3.1937
gin_kankan,2022-10-28,5.1371,3.4404
gin_kankan,2022-10-29,5.9905,4.9572
gin_kankan,2022-10-30,5.9262,4.7586
gin_kankan,2022-10-31,6.2598,6.0592
gin_kankan,2022-11-01,5.9865,5.7775
gin_kankan,2022-11-02,6.1135,6.4372
gin_kankan,2022-11-03,6.0638,6.2096
gin_kankan,2022-11-04,5.6888,4.696
gin_kankan,2022-11-05,5.7115,5.2732
gin_kankan,2022-11-06,5.633,4.3333
gin_kankan,2022-11-07,5.4672,3.9003
gin_kankan,2022-11-08,6.2147,6.6026
gin_kankan,2022-11-09,6.3521,7.5635
gin_kankan,2022-11-10,6.142,7.355
gin_kankan,2022-11-11,5.9615,6.7763
gin_kankan,2022-11-12,5.8271,6.8418
gin_kankan,2022-11-13,4.3887,3.0847
gin_kankan,2022-11-14,4.8298,3.5543
gin_kankan,2022-11-15,3.4003,0.5039
gin_kankan,2022-11-16,3.9874,0.9783
gin_kankan,2022-11-17,5.8568,5.1125
gin_kankan,2022-11-18,4.2546,1.2949
gin_kankan,2022-11-19,6.1847,6.5106
gin_kankan,2022-11-20,6.0529,6.7407
gin_kankan,2022-11-21,4.9423,2.8089
gin_kankan,2022-11-22,5.981,6.4339
gin_kankan,2022-11-23,5.3541,4.1772
gin_kankan,2022-11-24,5.9205,6.5199
gin_kankan,2022-11-25,5.2903,4.6409
gin_kankan,2022-11-26,5.67,4.9976
gin_kankan,2022-11-27,4.8857,2.9542
gin_kankan,2022-11-28,4.8698,2.832
gin_kankan,2022-11-29,5.5128,5.8149
gin_kankan,2022-11-30,4.399,3.1542
gin_kankan,2022-12-01,5.4233,5.3576
gin_kankan,2022-12-02,5.057,4.2966
gin_kankan,2022-12-03,4.1786,2.8553
gin_kankan,2022-12-04,4.6377,4.1647
gin_kankan,2022-12-05,2.5967,0.1625
gin_kankan,2022-12-06,5.5701,5.8968
gin_kankan,2022-12-07,5.5783,5.37
gin_kankan,2022-12-08,5.5097,4.9985
gin_kankan,2022-12-09,4.9347,2.8811
gin_kankan,2022-12-10,5.0894,3.4398
gin_kankan,2022-12-11,5.7826,6.0583
gin_kankan,2022-12-12,5.6545,5.5348
gin_kankan,2022-12-13,5.748,6.3292
gin_kankan,2022-12-14,5.3424,4.7512
gin_kankan,2022-12-15,5.7819,6.755
gin_kankan,2022-12-16,5.67,6.9684
gin_kankan,2022-12-17,5.8231,7.3582
gin_kankan,2022-12-18,5.5705,6.69
gin_kankan,2022-12-19,5.472,5.9331
gin_kankan,2022-12-20,4.9589,3.9975
gin_kankan,2022-12-21,3.312,0.497
gin_kankan,2022-12-22,4.9655,3.698
gin_kankan,2022-12-23,5.3406,4.6293
gin_kankan,2022-12-24,5.3506,5.1738
gin_kankan,2022-12-25,5.6686,6.3252
gin_kankan,2022-12-26,5.2912,5.3988
gin_kankan,2022-12-27,4.7239,3.674
gin_kankan,2022-12-28,5.1226,4.2974
gin_kankan,2022-12-29,4.7001,2.679
gin_kankan,2022-12-30,4.7495,2.3396
gin_kankan,2022-12-31,5.2148,4.1933
gin_kankan,2023-01-01,5.9169,6.4501
gin_kankan,2023-01-02,5.8598,6.5392
gin_kankan,2023-01-03,5.8752,6.8326
gin_kankan,2023-01-04,5.9569,7.0553
gin_kankan,2023-01-05,5.6737,6.1982
gin_kankan,2023-01-06,5.6858,6.0494
gin_kankan,2023-01-07,5.3147,4.4328
gin_kankan,2023-01-08,5.2514,3.7825
gin_kankan,2023-01-09,5.6453,5.6387
gin_kankan,2023-01-10,5.8015,6.7559
gin_kankan,2023-01-11,5.6575,5.4193
gin_kankan,2023-01-12,5.901,6.0874
gin_kankan,2023-01-13,5.6994,5.3593
gin_kankan,2023-01-14,6.0741,7.0716
gin_kankan,2023-01-15,6.0865,7.0053
gin_kankan,2023-01-16,6.1281,7.4458
gin_kankan,2023-01-17,6.2061,7.703
gin_kankan,2023-01-18,6.1612,7.6342
gin_kankan,2023-01-19,6.0674,7.1668
gin_kankan,2023-01-20,6.0696,7.2635
gin_kankan,2023-01-21,5.518,6.2007
gin_kankan,2023-01-22,5.1461,4.3443
gin_kankan,2023-01-23,5.1423,4.8157
gin_kankan,2023-01-24,4.8917,3.2728
gin_kankan,2023-01-25,2.8394,0.748
gin_kankan,2023-01-26,5.5663,5.4587
gin_kankan,2023-01-27,5.925,5.4913
gin_kankan,2023-01-28,5.9019,5.2233
gin_kankan,2023-01-29,6.3493,7.4175
gin_kankan,2023-01-30,5.9869,6.5364
gin_kankan,2023-01-31,6.0305,6.7487
gin_kankan,2023-02-01,5.9252,6.3411
gin_kankan,2023-02-02,5.9819,6.5609
gin_kankan,2023-02-03,6.0184,6.497
gin_kankan,2023-02-04,6.1974,6.8514
gin_kankan,2023-02-05,5.9826,5.6651
gin_kankan,2023-02-06,5.3978,3.6908
gin_kankan,2023-02-07,5.279,3.5883
gin_kankan,2023-02-08,5.2599,4.0789
gin_kankan,2023-02-09,1.9268,0.1143
gin_kankan,2023-02-10,5.4866,4.7263
gin_kankan,2023-02-11,5.6026,4.826
gin_kankan,2023-02-12,5.8012,4.8126
gin_kankan,2023-02-13,5.8877,5.3929
gin_kankan,2023-02-14,5.3474,3.7277
gin_kankan,2023-02-15,3.7647,1.0944
gin_kankan,2023-02-16,4.8076,1.9543
gin_kankan,2023-02-17,4.2314,1.1727
gin_kankan,2023-02-18,5.1627,0.9637
gin_kankan,2023-02-19,5.1377,1.1155
gin_kankan,2023-02-20,5.506,2.0593
gin_kankan,2023-02-21,6.0677,3.8475
gin_kankan,2023-02-22,6.3296,4.7934
gin_kankan,2023-02-23,5.709,3.5392
gin_kankan,2023-02-24,5.8655,3.8636
gin_kankan,2023-02-25,5.8814,4.1578
gin_kankan,2023-02-26,5.8468,4.1957
gin_kankan,2023-02-27,6.1723,5.0913
gin_kankan,2023-02-28,6.5297,5.8464
gin_kankan,2023-03-01,6.3859,5.7162
gin_kankan,2023-03-02,6.7466,6.4949
gin_kankan,2023-03-03,6.9414,7.3292
gin_kankan,2023-03-04,6.098,5.3775
gin_kankan,2023-03-05,4.8831,2.5344
gin_kankan,2023-03-06,5.6404,3.9134
gin_kankan,2023-03-07,5.4337,3.5818
gin_kankan,2023-03-08,5.9099,4.3036
gin_kankan,2023-03-09,6.9154,6.6547
gin_kankan,2023-03-10,6.1035,4.9695
gin_kankan,2023-03-11,5.0068,2.8443
gin_kankan,2023-03-12,5.1164,2.9061
gin_kankan,2023-03-13,5.1264,2.5309
gin_kankan,2023-03-14,5.6232,3.4332
gin_kankan,2023-03-15,6.063,4.6844
gin_kankan,2023-03-16,6.382,4.8871
gin_kankan,2023-03-17,6.5651,5.3219
gin_kankan,2023-03-18,6.4611,5.0519
gin_kankan,2023-03-19,6.5328,5.5342
gin_kankan,2023-03-20,5.9727,4.677
gin_kankan,2023-03-21,6.3042,5.0264
gin_kankan,2023-03-22,6.5267,5.5196
gin_kankan,2023-03-23,5.415,2.6717
gin_kankan,2023-03-24,6.0174,3.8094
gin_kankan,2023-03-25,6.7208,5.7033
gin_kankan,2023-03-26,5.5798,3.4665
gin_kankan,2023-03-27,6.5503,4.8966
gin_kankan,2023-03-28,6.4144,4.8441
gin_kankan,2023-03-29,3.1297,1.4281
gin_kankan,2023-03-30,6.4274,4.3068
gin_kankan,2023-03-31,6.7614,4.8336
gin_kankan,2023-04-01,6.1315,3.3466
gin_kankan,2023-04-02,6.4349,4.4531
gin_kankan,2023-04-03,6.5625,4.335
gin_kankan,2023-04-04,6.4833,4.2667
gin_kankan,2023-04-05,5.4146,2.944
gin_kankan,2023-04-06,5.8792,3.5878
gin_kankan,2023-04-07,5.782,3.3567
gin_kankan,2023-04-08,6.0279,3.6151
gin_kankan,2023-04-09,2.5912,0.905
gin_kankan,2023-04-10,6.3885,3.775
gin_kankan,2023-04-11,6.7127,4.8042
gin_kankan,2023-04-12,6.8816,5.0096
gin_kankan,2023-04-13,6.6994,4.9325
gin_kankan,2023-04-14,6.6798,5.1813
gin_kankan,2023-04-15,6.5078,4.9618
gin_kankan,2023-04-16,6.0802,4.4766
gin_kankan,2023-04-17,5.495,2.6834
gin_kankan,2023-04-18,4.753,1.6938
gin_kankan,2023-04-19,6.5271,4.6902
gin_kankan,2023-04-20,6.0178,3.5221
gin_kankan,2023-04-21,5.7313,2.7015
gin_kankan,2023-04-22,7.1928,6.9157
gin_kankan,2023-04-23,6.9334,5.7135
gin_kankan,2023-04-24,6.7912,5.7638
gin_kankan,2023-04-25,6.4226,5.0912
gin_kankan,2023-04-26,5.3641,2.8277
gin_kankan,2023-04-27,6.8181,6.0053
gin_kankan,2023-04-28,6.885,5.9307
gin_kankan,2023-04-29,6.7244,5.3723
gin_kankan,2023-04-30,5.326,2.2658
gin_kankan,2023-05-01,6.231,4.3326
gin_kankan,2023-05-02,6.7581,4.7934
gin_kankan,2023-05-03,6.7864,5.2143
gin_kankan,2023-05-04,3.1219,1.4259
gin_kankan,2023-05-05,5.2516,3.041
gin_kankan,2023-05-06,7.0304,5.86
gin_kankan,2023-05-07,4.6027,0.4305
gin_kankan,2023-05-08,3.0738,0.1554
gin_kankan,2023-05-09,6.8495,4.9121
gin_kankan,2023-05-10,5.0506,1.3313
gin_kankan,2023-05-11,6.1455,3.2503
gin_kankan,2023-05-12,6.5064,4.2374
gin_kankan,2023-05-13,6.566,5.1439
gin_kankan,2023-05-14,4.8228,2.2011
gin_kankan,2023-05-15,6.2074,3.9248
gin_kankan,2023-05-16,6.5906,4.2103
gin_kankan,2023-05-17,5.9247,3.3835
gin_kankan,2023-05-18,5.6684,3.0817
gin_kankan,2023-05-19,4.9793,1.8598
gin_kankan,2023-05-20,6.6476,4.7226
gin_kankan,2023-05-21,5.2042,2.2664
gin_kankan,2023-05-22,6.754,4.8394
gin_kankan,2023-05-23,5.2064,2.0859
gin_kankan,2023-05-24,5.8495,4.516
gin_kankan,2023-05-25,2.2013,0.3376
gin_kankan,2023-05-26,6.3611,3.4202
gin_kankan,2023-05-27,5.1019,2.0324
gin_kankan,2023-05-28,4.6556,1.6624
gin_kankan,2023-05-29,6.5905,4.6963
gin_kankan,2023-05-30,6.2979,4.106
gin_kankan,2023-05-31,2.9273,1.7027
gin_kankan,2023-06-01,5.3651,1.7428
gin_kankan,2023-06-02,6.4213,4.1352
gin_kankan,2023-06-03,5.2397,2.3827
gin_kankan,2023-06-04,6.198,3.914
gin_kankan,2023-06-05,2.2201,0.2849
gin_kankan,2023-06-06,7.0576,6.3577
gin_kankan,2023-06-07,5.081,1.5647
gin_kankan,2023-06-08,5.0441,2.5388
gin_kankan,2023-06-09,5.9824,4.8465
gin_kankan,2023-06-10,5.2373,3.0739
gin_kankan,2023-06-11,4.8141,1.3102
gin_kankan,2023-06-12,4.5323,1.5397
gin_kankan,2023-06-13,4.3788,2.5963
gin_kankan,2023-06-14,5.5696,3.1806
gin_kankan,2023-06-15,3.8799,1.0951
gin_kankan,2023-06-16,5.2149,2.4367
gin_kankan,2023-06-17,4.4448,2.6073
gin_kankan,2023-06-18,6.5373,5.7044
gin_kankan,2023-06-19,6.1681,4.1531
gin_kankan,2023-06-20,0.9888,0.0246
gin_kankan,2023-06-21,5.9448,3.0205
gin_kankan,2023-06-22,2.828,1.2579
gin_kankan,2023-06-23,5.6441,2.8583
gin_kankan,2023-06-24,4.7501,1.929
gin_kankan,2023-06-25,5.3355,2.8327
gin_kankan,2023-06-26,5.8948,3.9117
gin_kankan,2023-06-27,4.9686,2.9373
gin_kankan,2023-06-28,1.8345,0.0849
gin_kankan,2023-06-29,6.6908,5.5962
gin_kankan,2023-06-30,5.1763,4.004
gin_kankan,2023-07-01,5.9291,4.5824
gin_kankan,2023-07-02,5.1904,2.9501
gin_kankan,2023-07-03,4.6528,1.7542
gin_kankan,2023-07-04,6.6167,5.59
gin_kankan,2023-07-05,6.8593,5.9376
gin_kankan,2023-07-06,5.2155,1.8657
gin_kankan,2023-07-07,5.6349,3.2207
gin_kankan,2023-07-08,3.7277,1.5779
gin_kankan,2023-07-09,6.492,4.0629
gin_kankan,2023-07-10,7.0973,5.8636
gin_kankan,2023-07-11,4.3172,1.3981
gin_kankan,2023-07-12,5.303,3.0572
gin_kankan,2023-07-13,5.7074,3.8392
gin_kankan,2023-07-14,3.4541,0.8069
gin_kankan,2023-07-15,6.3428,5.1293
gin_kankan,2023-07-16,4.4882,2.5602
gin_kankan,2023-07-17,6.0834,3.58
gin_kankan,2023-07-18,4.8257,0.9788
gin_kankan,2023-07-19,4.5131,2.4296
gin_kankan,2023-07-20,5.8665,3.1847
gin_kankan,2023-07-21,6.447,4.8983
gin_kankan,2023-07-22,4.5474,1.6984
gin_kankan,2023-07-23,3.6788,1.7906
gin_kankan,2023-07-24,5.1293,2.9394
gin_kankan,2023-07-25,5.4082,3.1194
gin_kankan,2023-07-26,6.0534,4.219
gin_kankan,2023-07-27,5.3192,3.0529
gin_kankan,2023-07-28,3.9486,0.6907
gin_kankan,2023-07-29,4.5417,1.4957
gin_kankan,2023-07-30,5.1993,2.1586
gin_kankan,2023-07-31,4.247,1.0931
gin_kankan,2023-08-01,6.0131,3.1952
gin_kankan,2023-08-02,3.3827,0.2247
gin_kankan,2023-08-03,4.822,1.7853
gin_kankan,2023-08-04,7.0887,5.7465
gin_kankan,2023-08-05,3.973,1.9042
gin_kankan,2023-08-06,3.5256,0.6467
gin_kankan,2023-08-07,1.9754,0.0127
gin_kankan,2023-08-08,4.7986,1.9709
gin_kankan,2023-08-09,4.4799,2.5794
gin_kankan,2023-08-10,4.2131,0.8703
gin_kankan,2023-08-11,4.5535,2.1019
gin_kankan,2023-08-12,4.7651,2.6938
gin_kankan,2023-08-13,4.0993,0.7397
gin_kankan,2023-08-14,4.4014,1.5253
gin_kankan,2023-08-15,3.9879,0.5602
gin_kankan,2023-08-16,4.57,1.1515
gin_kankan,2023-08-17,5.8887,3.8023
gin_kankan,2023-08-18,2.1384,0.2944
gin_kankan,2023-08-19,4.9596,2.2709
gin_kankan,2023-08-20,4.2196,0.9777
gin_kankan,2023-08-21,4.4007,1.471
gin_kankan,2023-08-22,4.5167,1.7509
gin_kankan,2023-08-23,5.7881,4.0834
gin_kankan,2023-08-24,4.8476,1.9369
gin_kankan,2023-08-25,6.4695,4.6838
gin_kankan,2023-08-26,6.7334,4.6223
gin_kankan,2023-08-27,4.8676,0.8321
gin_kankan,2023-08-28,6.4668,5.16
gin_kankan,2023-08-29,4.1502,1.0934
gin_kankan,2023-08-30,5.9035,3.6283
gin_kankan,2023-08-31,3.9673,1.3521
gin_kankan,2023-09-01,6.4946,4.3091
gin_kankan,2023-09-02,6.581,5.0324
gin_kankan,2023-09-03,3.1741,0.3143
gin_kankan,2023-09-04,4.4172,1.6187
gin_kankan,2023-09-05,5.9889,4.1092
gin_kankan,2023-09-06,5.22,2.9291
gin_kankan,2023-09-07,4.5831,1.7844
gin_kankan,2023-09-08,6.534,5.8456
gin_kankan,2023-09-09,3.8156,0.4219
gin_kankan,2023-09-10,4.3145,1.7669
gin_kankan,2023-09-11,6.9752,6.1028
gin_kankan,2023-09-12,5.1499,3.42
gin_kankan,2023-09-13,5.1822,1.9426
gin_kankan,2023-09-14,2.669,0.0198
gin_kankan,2023-09-15,5.929,2.8198
gin_kankan,2023-09-16,3.7526,0.5072
gin_kankan,2023-09-17,5.3898,3.5202
gin_kankan,2023-09-18,5.6739,3.9711
gin_kankan,2023-09-19,4.1426,2.0506
gin_kankan,2023-09-20,3.3489,1.1763
gin_kankan,2023-09-21,6.0732,5.0002
gin_kankan,2023-09-22,3.5606,2.4831
gin_kankan,2023-09-23,6.0958,4.5568
gin_kankan,2023-09-24,6.0898,3.2658
gin_kankan,2023-09-25,6.8887,6.888
gin_kankan,2023-09-26,6.5475,6.4264
gin_kankan,2023-09-27,6.3743,6.1854
gin_kankan,2023-09-28,6.7291,6.6059
gin_kankan,2023-09-29,6.5963,5.8487
gin_kankan,2023-09-30,6.5695,6.1062
gin_kankan,2023-10-01,6.4914,5.1739
gin_kankan,2023-10-02,4.6261,1.3854
gin_kankan,2023-10-03,5.5178,3.3274
gin_kankan,2023-10-04,5.0374,2.113
gin_kankan,2023-10-05,3.2964,0.6865
gin_kankan,2023-10-06,2.4777,1.0859
gin_kankan,2023-10-07,5.8818,2.9251
gin_kankan,2023-10-08,5.8263,2.8001
gin_kankan,2023-10-09,5.0294,2.1435
gin_kankan,2023-10-10,3.6818,0.4313
gin_kankan,2023-10-11,6.2127,4.5203
gin_kankan,2023-10-12,5.3962,3.1405
gin_kankan,2023-10-13,4.8718,2.2304
gin_kankan,2023-10-14,5.4751,3.9806
gin_kankan,2023-10-15,4.1032,0.5252
gin_kankan,2023-10-16,6.1429,4.2548
gin_kankan,2023-10-17,4.7328,2.6323
